{
	"info": {
		"_postman_id": "66a8760e-f480-4049-b7b7-10e271f8ff52",
		"name": "Caderno",
		"schema": "https://schema.getpostman.com/json/collection/v2.1.0/collection.json"
	},
	"item": [
		{
			"name": "http://localhost:8080/nota - retorna todas as notas",
			"request": {
				"method": "GET",
				"header": [],
				"url": {
					"raw": "http://localhost:8080/nota",
					"protocol": "http",
					"host": [
						"localhost"
					],
					"port": "8080",
					"path": [
						"nota"
					]
				}
			},
			"response": []
		},
		{
			"name": "http://localhost:8080/nota - adiciona nota",
			"request": {
				"method": "POST",
				"header": [],
				"url": {
					"raw": "http://localhost:8080/nota",
					"protocol": "http",
					"host": [
						"localhost"
					],
					"port": "8080",
					"path": [
						"nota"
					]
				}
			},
			"response": []
		},
		{
			"name": "http://localhost:8080/nota - retorna nota por id",
			"request": {
				"method": "GET",
				"header": [],
				"url": {
					"raw": "http://localhost:8080/nota",
					"protocol": "http",
					"host": [
						"localhost"
					],
					"port": "8080",
					"path": [
						"nota"
					]
				}
			},
			"response": []
		}
	]
}