{
	"info": {
		"_postman_id": "66a8760e-f480-4049-b7b7-10e271f8ff52",
		"name": "Caderno",
		"schema": "https://schema.getpostman.com/json/collection/v2.1.0/collection.json"
	},
	"item": [
		{
			"name": "http://localhost:8080/nota - retorna todas as notas",
			"request": {
				"method": "GET",
				"header": [],
				"url": {
					"raw": "http://localhost:8080/nota",
					"protocol": "http",
					"host": [
						"localhost"
					],
					"port": "8080",
					"path": [
						"nota"
					]
				}
			},
			"response": []
		},
		{
			"name": "http://localhost:8080/nota - retorna nota por id",
			"request": {
				"method": "GET",
				"header": [],
				"url": {
					"raw": "http://localhost:8080/nota/2",
					"protocol": "http",
					"host": [
						"localhost"
					],
					"port": "8080",
					"path": [
						"nota",
						"2"
					]
				}
			},
			"response": []
		},
		{
			"name": "http://localhost:8080/nota - adiciona nota",
			"request": {
				"method": "POST",
				"header": [],
				"body": {
					"mode": "raw",
					"raw": "{\r\n    \"titulo\": \"Titulo Nota3\",\r\n    \"nota\": \"Nota Criada\"\r\n}",
					"options": {
						"raw": {
							"language": "json"
						}
					}
				},
				"url": {
					"raw": "http://localhost:8080/nota",
					"protocol": "http",
					"host": [
						"localhost"
					],
					"port": "8080",
					"path": [
						"nota"
					]
				}
			},
			"response": []
		},
		{
			"name": "http://localhost:8080/nota - atualiza nota",
			"request": {
				"method": "PUT",
				"header": [],
				"body": {
					"mode": "raw",
					"raw": "{\r\n    \"titulo\": \"Titulo Nota Atualizada\",\r\n    \"nota\": \"Nota Atualizada\"\r\n}",
					"options": {
						"raw": {
							"language": "json"
						}
					}
				},
				"url": {
					"raw": "http://localhost:8080/nota/1",
					"protocol": "http",
					"host": [
						"localhost"
					],
					"port": "8080",
					"path": [
						"nota",
						"1"
					]
				}
			},
			"response": []
		},
		{
			"name": "http://localhost:8080/nota - deleta nota",
			"request": {
				"method": "DELETE",
				"header": [],
				"body": {
					"mode": "raw",
					"raw": "{\r\n    \"titulo\": \"Titulo Nota1\",\r\n    \"nota\": \"Nota Criada\"\r\n}",
					"options": {
						"raw": {
							"language": "json"
						}
					}
				},
				"url": {
					"raw": "http://localhost:8080/nota/2",
					"protocol": "http",
					"host": [
						"localhost"
					],
					"port": "8080",
					"path": [
						"nota",
						"2"
					]
				}
			},
			"response": []
		},
		{
			"name": "http://localhost:8080/nota - adicina tag",
			"protocolProfileBehavior": {
				"disableBodyPruning": true
			},
			"request": {
				"method": "GET",
				"header": [],
				"body": {
					"mode": "raw",
					"raw": "{\r\n    \"tag\":\"Matematica\",\r\n    \"nota_id\": 1\r\n}",
					"options": {
						"raw": {
							"language": "json"
						}
					}
				},
				"url": {
					"raw": "http://localhost:8080/nota/1/tag",
					"protocol": "http",
					"host": [
						"localhost"
					],
					"port": "8080",
					"path": [
						"nota",
						"1",
						"tag"
					]
				}
			},
			"response": []
		}
	]
}